date,asset_0,asset_1,asset_2
2020-01-02,-0.0020579595770697,0.0060928278976546,0.0784029947046744
2020-01-03,-0.0041863858110322,-0.0096984437654349,-0.0782141172150082
2020-01-06,-0.0077804737069248,-0.0117706944605668,0.0471529479960064
2020-01-07,-0.0015179807367617,0.0065601203592207,0.0058509508899942
2020-01-08,0.017480518223977,-0.0153462327021418,-0.0110135231572978
2020-01-09,-0.0021786305345277,-0.0017369081687806,-0.0222958544595338
2020-01-10,0.0154710006013552,0.0178229300533641,0.0222596291834877
2020-01-13,-0.0024571900724829,0.0364995383552486,0.0069859978679069
2020-01-14,-0.0040027966548593,0.0028082409834093,-0.0064201562634901
2020-01-15,0.0112532234372806,0.0043562519739797,0.001952642514083
2020-01-16,0.0148578346253329,0.0158442490301116,0.0403478061146036
2020-01-17,0.0271115534517036,0.0121988852431513,0.0025999188207492
2020-01-20,-0.0152510722680953,0.0024531676109156,-0.0214360847706407
2020-01-21,0.0076247288674597,0.0258910517441222,-0.0332462401466606
2020-01-22,-0.0356466631986003,-0.0291717814861079,-0.0501537349140389
2020-01-23,-0.0025748275382552,0.0331523521540979,0.0583216728676345
2020-01-24,-0.0089731119599874,-0.0005842007224295,0.0392707265317158
2020-01-27,-0.0046508093603473,0.0145713649912451,-0.0207380653325632
2020-01-28,0.0092832797741846,-0.0040740228163118,-0.0054991198109066
2020-01-29,0.015185926914575,0.0007851028948437,0.0026353496607176
2020-01-30,0.0028583249237545,0.0011147730594491,0.0131302972383458
2020-01-31,0.0081855916818753,0.0053613857435599,-0.0161683216431521
2020-02-03,0.0032475038383263,-0.0038970421892429,-0.0525509443039983
2020-02-04,-0.0044960043466568,0.0068775358443753,0.0084987898117356
2020-02-05,0.0031314017521368,0.0020450996261636,0.0054949009034128
2020-02-06,-0.0090647113954764,-0.0052657718454389,-0.0243836608236717
2020-02-07,0.0035742410428141,0.0043596394146092,0.0024238672272682
2020-02-10,0.0004830651304355,-0.0016787477245251,-0.0134936910453242
2020-02-11,-0.0166525796248568,-0.011567418883621,-0.0077218335337335
2020-02-12,-0.0006177203061392,-0.0268083433298802,-0.0854984585555993
2020-02-13,-0.0088340622683067,-0.0052875355556031,-0.0219174294299173
2020-02-14,0.013400739703133,0.0054870199743723,0.0617880726639226
2020-02-17,0.0010454933336561,-0.0237047349265802,-0.0805908249604526
2020-02-18,-0.0264190159221014,0.0148039641402129,-0.0098501522110203
2020-02-19,0.0054272505796733,0.0196231849763404,0.0635529114819255
2020-02-20,-0.0018832125853084,-0.0129569940895849,-0.044527636486599
2020-02-21,-0.0176080826724956,-0.0269808201860913,-0.0484237582833956
2020-02-24,-0.0201634841219199,-0.0036472412675988,-0.0486221818311275
2020-02-25,0.0197948334242692,0.0214792670118511,-0.037799313531283
2020-02-26,0.0083278354370548,-0.0181779756676724,-0.0584496728285431
2020-02-27,0.0019060732557738,0.028101738386965,0.1964120760817838
2020-02-28,0.0091945664935551,-0.0058173968353126,-0.0081950691083265
2020-03-02,-6.293282881075779e-05,0.0202647842961674,0.0472113423653142
2020-03-03,0.0028905652894108,-0.0058195081371921,-0.008390501992574
2020-03-04,0.0051375746802915,-0.00398723695649,0.0204834612062227
2020-03-05,0.0059221983473662,0.0123503744228707,-0.0438737719594043
2020-03-06,-0.0037181432673143,-0.0028186661457691,0.0368307426101173
2020-03-09,-0.0018660097251534,-0.0266621272370806,-0.0693207276395116
2020-03-10,-0.0026795812753213,-0.0016038334306982,0.0026180050626212
2020-03-11,0.0028746390780953,0.0244847373116057,0.0231038302993886
2020-03-12,-0.0009350666753666,0.0067374882221815,-0.0117014645636592
2020-03-13,0.0097289297202025,-0.0089232646229173,-0.0481605872781022
2020-03-16,0.0003702920303974,-0.0132506998178639,0.0160566274015578
2020-03-17,0.0182753707760485,0.0178187284351376,-0.0338543824157675
2020-03-18,0.0067300794920723,-0.0052435544922033,-0.0119926670211126
2020-03-19,-0.0062035757020904,-0.0144109143965294,0.0398010788512124
2020-03-20,-0.0039996724442907,0.016907694679743,0.0508322055844401
2020-03-23,-0.0092486974256642,0.0279084235503535,-0.0092524559231199
2020-03-24,0.003684805298626,0.0277286300989563,0.0442765912277189
2020-03-25,-0.0002444937828263,-0.0048581546903414,0.0008247761127986
2020-03-26,0.0013465502674818,0.0082304634996808,-0.0298574282089308
2020-03-27,-0.0039118913700502,0.0134052919805918,0.0191215961343642
2020-03-30,-0.0105541187274204,0.0102666094764578,-0.0099151557330346
2020-03-31,0.0024188204433643,0.0002345035743305,0.0368674123012944
2020-04-01,-0.0133632148941665,0.0100817245673294,0.0859569036478478
2020-04-02,0.0027591279736485,-0.0112190921301732,-0.0394716670464749
2020-04-03,0.0029388761663702,0.0152978705348287,0.0090409312239807
2020-04-06,0.0115344859602677,0.0047782813947905,0.0012587029151958
2020-04-07,0.0027733823741245,-0.0076703925530898,-0.0339965846863086
2020-04-08,0.0232959419843117,-0.0018549516552226,0.0061010172675219
2020-04-09,0.000660725903453,0.0089832054480851,0.0349517934398941
2020-04-10,-0.0084637317460505,-0.0130863599185611,-0.0328306967669932
2020-04-13,0.0020582002173088,0.0154763257750252,0.0134919082134514
2020-04-14,-0.0084581467492813,0.0015313651271582,0.0120647150060255
2020-04-15,-0.0057273354089668,0.0016059946432798,-0.0453264790736828
2020-04-16,-0.0073541240920006,-0.0282856807440207,-0.0146720943042283
2020-04-17,0.0137054093631483,-0.0080531937946985,-0.0250575517197484
2020-04-20,-0.0089523741443252,-0.0013069243880667,0.047917239575582
2020-04-21,0.0152399062089847,-0.0012688453198607,-0.0345906327113006
2020-04-22,0.0154954950738936,-0.0161598485603745,-0.016498740899282
2020-04-23,-0.0041723559970561,-0.0053270844209621,-0.0039489590803735
2020-04-24,0.004010199404586,0.0132269329025906,-0.0110293385207849
2020-04-27,0.0045309436751104,0.0109319360899455,0.0133074609534211
2020-04-28,0.0105045285475986,-0.02091435908231,
2020-04-29,-0.0081634695958358,-0.0038434550707288,-0.0188222787642883
2020-04-30,-0.0040267339089575,-0.0293627550511664,-0.0442482129268542
2020-05-01,0.0104638230630544,0.0168619679951955,
2020-05-04,0.0015297012337169,0.0210671767024397,0.0315730329971135
2020-05-05,0.0009988363082158,-0.0119682798226705,-0.0218909829468402
2020-05-06,0.0003520695014482,-0.0085652668835385,0.0018029458511532
2020-05-07,-0.0021707435072275,0.0024740526701929,-0.0249363838658884
2020-05-08,0.005820975181485,0.0138203456861405,0.0413871280233637
2020-05-11,-0.0006429977087299,-0.0053148014097451,
2020-05-12,0.0038254200751968,0.0228819911982485,0.0440022264046771
2020-05-13,-0.0027556138221171,0.0037484919550905,-0.0028856683829658
2020-05-14,-0.0059382763012599,-0.0009138957662171,0.0238799575007826
2020-05-15,-0.0015380312332612,-0.00866825026707,0.0189298401542434
2020-05-18,0.0026065052254755,0.001484131967981,-0.0089245228021593
2020-05-19,-0.0219791988662181,-0.0091319123335399,-0.0021112685996239
2020-05-20,0.004047414437895,-0.0004040055806637,-0.0301009523377681
2020-05-21,-0.0009626473495571,-0.0064294285231849,-0.0533447643128309
2020-05-22,-0.0004218401062981,0.0206747130314628,0.0457544705755152
2020-05-25,-0.0068082645690685,0.0120421159016648,0.0101494316983059
2020-05-26,-0.0087964318066515,-0.0048854607395718,-0.0025449217418787
2020-05-27,0.0134646304828212,0.0040383247946571,-0.007968981371759
2020-05-28,0.0089984034920487,0.0143931350389003,0.0189385017402556
2020-05-29,-0.0126884700601459,0.0025269412631709,-0.0003770180312155
2020-06-01,0.0024853657392787,0.0077552557388196,0.0127892218490233
2020-06-02,-0.0053216613560226,-0.0058870883114525,-0.0296750825796204
2020-06-03,-0.0003645598173761,-0.0037930160802807,0.009193155632698
2020-06-04,0.0048048325509006,0.0136761015202093,0.0193926145867886
2020-06-05,-0.0196106533206332,-0.0056342553775778,0.0108822433062087
2020-06-08,0.0114830521082502,0.0123346772985259,-0.0039788005873793
2020-06-09,-0.0013426260922226,0.010965875646256,0.004638983624974
2020-06-10,-0.0060506339435302,-0.0009038361048643,0.052684766182075
2020-06-11,0.0045500575588992,0.0053528637112132,0.0354113029841545
2020-06-12,0.0051418190307161,-0.006261975965082,-0.0116943120263122
2020-06-15,-0.0011571164415814,0.0139615508396326,0.0250792656704019
2020-06-16,6.0898571193845896e-05,0.0099729195305988,-0.0115576819313489
2020-06-17,0.0043284323969612,-0.0018422144547135,-0.0015570796861552
2020-06-18,0.0074055292314512,0.0025840008170976,-0.0026188230779431
2020-06-19,0.0181972187849861,0.0222754646042331,0.0014456370513082
2020-06-22,-0.0059770363911175,3.588462339321197e-05,-0.0284578097859474
2020-06-23,0.0085731537528757,0.0081752295276427,-0.0226356285713987
2020-06-24,-0.0019479807300608,-0.0089662142356291,0.0126580372905731
2020-06-25,0.0039626416095959,0.0018742957951471,0.0063418370795798
2020-06-26,-0.0015907130258235,,0.0437628194032984
2020-06-29,-0.0012391123026664,0.0131981473851479,-0.0250255268170938
2020-06-30,0.0067937584575092,0.0054451541707691,-0.0226762625356234
2020-07-01,-0.0120290028970722,-0.0052387669427662,-0.0042547962265779
2020-07-02,-0.0016034400322761,-0.000996410888462,-0.0098063165757307
2020-07-03,-0.0072578173775829,-0.0133212582376305,0.0031044820577776
2020-07-06,0.0094081020094922,0.0083388535087296,0.0220977834283766
2020-07-07,0.0061741474911967,0.0074467538864482,-0.0078880198502402
2020-07-08,0.0028907129779691,0.0168443208051374,-0.0092020078479763
2020-07-09,0.0106483821036171,0.0123366680594625,-0.0090564248759862
2020-07-10,0.0004657631552678,-0.0021404123656683,0.0221330699272443
2020-07-13,0.0045966348987014,-0.0086837516090271,-0.0195249481968724
2020-07-14,-0.0027801935809275,-0.0011167787339637,0.0034120354402995
2020-07-15,0.0,0.0009785649163136,0.0469411880742298
2020-07-16,0.0001160249055978,-0.0055498955109871,0.0145419285085826
2020-07-17,0.0004066485104698,-0.00031595706815,0.0326979286660045
2020-07-20,0.0123062032987786,0.0080753269384443,9.862621233169833e-05
2020-07-21,-0.0059061686026787,-0.0021245000810612,0.0016625488317687
2020-07-22,0.0019035961225384,0.010505573236504,0.0052186424923073
2020-07-23,-0.0033393911218745,-0.000206918780981,-0.0217315230840983
2020-07-24,0.0034660824764212,-0.0039037694307404,0.020969779282747
2020-07-27,0.0003453104974693,-0.0065555148740713,-0.0052818934956782
2020-07-28,0.0001725454034586,0.0017810451072548,-0.0030563570472872
2020-07-29,0.0080554855300374,0.0099664262029983,0.020386528392057
2020-07-30,0.0059929860723151,0.0104896352895476,-0.0070335570401739
2020-07-31,0.0090213813068078,0.0059758601384569,-0.0432254973537064
2020-08-03,0.0091656826957775,-0.0051598091088197,-0.0298176497163502
2020-08-04,-0.0127039677958055,-0.0061188457243649,0.0349701571040286
2020-08-05,0.0077879303488617,0.0207752067014166,-0.0225256882899029
2020-08-06,0.0048719532933994,0.0255755518290645,0.0100820565168566
2020-08-07,-0.0043166897275493,0.0009526130420269,0.038279517534598
2020-08-10,-0.0124993390406985,-0.0066632964512005,0.0031006472789958
2020-08-11,-0.0066135785616328,-0.0020156004966791,0.0038250458739306
2020-08-12,-0.0053378442737187,-0.0096687309050088,-0.014116975997208
2020-08-13,-0.0021352166299277,0.0021063104391549,0.0153460119080184
2020-08-14,0.0042215491139805,0.0129121268687075,0.0266743526449431
2020-08-17,-0.003052140186729,-0.005632743183276,0.006580834075438
2020-08-18,0.0035234191564308,-0.0001657557618224,-0.0022155233598404
2020-08-19,0.0068492418423831,-0.0022526584864178,-0.0023157881477566
2020-08-20,0.0006289597147233,-3.323150750733639e-05,0.0016111325842673
2020-08-21,-0.0155391665125338,-0.0031879119108625,0.0263778385893962
2020-08-24,-0.0024376904540109,9.970017151594844e-05,0.0012617502122473
2020-08-25,-0.0222800285708197,-0.009859522221111,0.0013132310870769
2020-08-26,-0.006544970787928,-0.0051806422014634,-0.0246270383661343
2020-08-27,-0.0070074933320635,0.0043286709819148,0.0091406624594381
2020-08-28,-0.0060311901863434,0.0094279031254482,0.0020053498586631
2020-08-31,0.0037623982017847,0.0167782806596206,0.015231899000174
2020-09-01,-0.0012093442728408,0.001312217062936,0.0015347617076681
2020-09-02,-0.0028446226031396,-0.0175282919061895,0.0033025333532406
2020-09-03,-0.0057055804979552,-0.0185749113493902,-0.0386048433059422
2020-09-04,0.0043953277017976,0.0016990659280409,0.0126135310896808
2020-09-07,-0.0036468147873043,0.0128220939433909,0.0169871810945057
2020-09-08,0.0056733369365951,0.0032822802370453,0.0022608146164888
2020-09-09,-0.0030331042719228,-0.0007010371882731,0.0275330599166629
2020-09-10,-0.0072400213517733,-0.0173040995381926,0.0219140632204373
2020-09-11,-0.0022063899666333,-0.0362037579415478,
2020-09-14,0.0074320982968143,0.0016930721658465,0.0048227787753933
2020-09-15,-0.0153641611424988,-0.0073237623504017,-0.0074618094773734
2020-09-16,-0.0063778348231608,0.0254679759681306,-0.0003352887910832
2020-09-17,-0.0077895027671525,-0.0207193732022078,0.0081396213981272
2020-09-18,0.0022612364864136,0.0199569994473913,-0.001202850103416
2020-09-21,0.002067724729359,0.0150645592632627,0.0027671424905384
2020-09-22,0.0089423029638,0.0059362432713356,0.0138742603994963
2020-09-23,-0.0025409682169161,0.0,-0.0102318345223733
2020-09-24,-0.0042254558798957,-0.0021025505468725,0.0082115285655759
2020-09-25,-0.015974769336563,-0.004588320212827,0.0174002673033608
2020-09-28,0.0095753568507763,0.0117108521074689,0.00665237902232
2020-09-29,0.0057162827315333,0.021734206948341,0.0089264710995042
2020-09-30,0.0074324182936522,0.0048226023579096,0.0301959995019152
2020-10-01,-0.0073157024359343,0.0101244358671039,0.0321222449364344
2020-10-02,0.0234199113642528,0.0030589751150245,-0.0067118606402704
2020-10-05,-0.0005492678423858,,0.0017703140411262
2020-10-06,-0.0023199578914075,0.0108974067740541,0.0325710107334951
2020-10-07,0.0019582979115808,-0.0051486416649961,0.0175391075595112
2020-10-08,0.0021989780938775,-0.0033314996870508,0.1266159836258198
2020-10-09,0.0101777011233039,0.0064257499500486,-0.0062740503925067
2020-10-12,-0.0121265541120744,0.0421141125169233,0.0190784388057105
2020-10-13,-0.0054355483590464,0.0036513850420805,0.0377507487297992
2020-10-14,0.0001844137152211,0.0224139629649917,0.0343162943617936
2020-10-15,0.0008595505121014,-0.0067850158368287,0.0849102277797451
2020-10-16,0.0157648764609392,0.0114160276112331,-0.0302749952920325
2020-10-19,-0.0032008858023998,0.0026115039458236,0.0357167380197345
2020-10-20,-0.002786697094534,0.0073054915021013,0.0132222978796836
2020-10-21,-0.0071080750550628,-0.0011295862259761,-0.006358169933862
2020-10-22,-0.0034266313197501,0.0027673175509377,-0.0484007095338631
2020-10-23,-0.002210241185628,-0.0030858802464944,-0.1199030325435984
2020-10-26,0.0108301054841977,-0.0153298187160346,0.0434294519296247
2020-10-27,-0.0073660426743097,0.0049273015511037,-0.0041575288246016
2020-10-28,0.0119585712142822,0.0129051520577154,-0.0282931020159921
2020-10-29,-0.0090293964299436,-0.0019304565376874,-0.0193822444993675
2020-10-30,-0.0051982663103488,0.0102360843127971,0.0407937684260282
2020-11-02,0.0037496613117913,0.0006786192584029,0.0325012082846662
2020-11-03,-0.0053891992749193,0.0063400180394967,0.0067676102677005
2020-11-04,0.003017158445179,0.0053915558999351,0.0371039180092043
2020-11-05,-0.0131619865153155,-0.0095597021869779,0.0174221220804611
2020-11-06,0.0061989990801178,-0.0063266794300407,-0.0413529327272921
2020-11-09,-0.0028001722390345,0.0006813318718119,0.0062847724844008
2020-11-10,-0.0064903391318704,-0.0243559515653836,-0.030537595031082
2020-11-11,0.0034549210904992,0.0210812230455821,0.0509002279002275
2020-11-12,-0.0239125757345282,-0.0179426722475124,0.0068338234037736
2020-11-13,0.013788304008965,-0.001542590097895,-0.0434676345619486
2020-11-16,-0.0062625259793038,-0.0017873690670513,-0.0094977391909246
2020-11-17,0.0145776253251341,-0.0196669059145589,-0.0641987607713322
2020-11-18,0.0223366141385075,0.0098447301680943,-0.005872086315763
2020-11-19,0.002577439345605,0.0267636518978884,0.042358371411876
2020-11-20,0.0059988809239768,0.0001491310426742,0.0163631955842291
2020-11-23,0.0094925742911946,-0.005582520446545,-0.0609564458190524
2020-11-24,-0.0024711582123414,0.0283398665766358,0.0131799270223116
2020-11-25,0.0178862093635576,-0.009166503933828,-0.0497724302077294
2020-11-26,0.0109230515005578,-0.0325872752861053,-0.0081745781976764
2020-11-27,0.0049915322401776,0.0192182030641716,0.0182366181335567
2020-11-30,0.0109268091528464,-0.0291348995906923,-0.0502771327902586
2020-12-01,-0.02762849174068,-0.0033858601056672,0.0060954494461815
2020-12-02,-0.0028531511373545,-0.0120136359234219,-0.0349892712173617
2020-12-03,-0.0032194033565728,0.0230691265487199,0.0428805630257957
2020-12-04,0.0043061955685277,0.0180573507347285,0.0749470552371662
2020-12-07,0.0019054988028754,0.0044718841019706,0.0576188630553096
2020-12-08,0.0084397359188332,0.0231857857923094,0.0252483914990666
2020-12-09,0.0040079398477652,-0.0035042282717492,-0.0050002753427934
2020-12-10,0.0070443624750717,0.0020511439050401,-0.002094710276184
2020-12-11,0.0044300874375764,-0.0076910674900301,-0.0145922683836461
2020-12-14,-0.0071962420759063,-0.0088412421245998,-0.0126688408238599
2020-12-15,0.0027473120176628,-0.0046682027762389,0.1353166841897706
2020-12-16,-0.0026816735018022,-0.017147161204582,-0.041832696836128
2020-12-17,0.0066636907786181,-0.038388006021663,-0.0534712136768363
2020-12-18,-0.0034259545776365,-0.0079018023479292,-0.0215233738308541
2020-12-21,0.0135173985258076,0.000509711817942,-0.0354465674517168
2020-12-22,-0.0049437153305145,0.0007323185830445,0.0303419534138018
2020-12-23,-0.0106305366651933,0.0022592218700723,0.0059350246575986
2020-12-24,-0.0085256332465052,0.0104452698210828,0.0392897489318417
2020-12-25,-0.0060659655341344,-0.0423227544822155,-0.0674910733143576
2020-12-28,-0.0054515948048126,0.0177167253030676,0.017497758575059
2020-12-29,-0.0044089185371971,-0.0243392026825565,-0.0181972412325309
2020-12-30,-0.0031119961506697,0.0022468389302368,-0.0338278969185718
2020-12-31,-0.0079841131502175,-0.0057033542926687,0.0006227038828787
2021-01-01,-0.0022998033019021,-0.0184680756507922,-0.052566067125072
2021-01-04,-0.0115241630632408,0.0011483817257591,-0.0147261298721956
2021-01-05,0.0285943595238937,-0.0265883440160866,-0.0124731248424899
2021-01-06,0.0044742176909382,0.0284932090461895,0.0206990525827113
2021-01-07,0.013124929838405,0.0105491246956102,-0.1155417556197044
2021-01-08,0.0070345536393181,0.0280816901960843,0.0208056927668702
2021-01-11,0.002910380168535,0.0088236913801058,0.1067761138393095
2021-01-12,-0.0081835752312738,-0.0071387736032798,-0.0058395266373975
2021-01-13,0.0110600027149407,0.0152221056299071,-0.0274791915989143
2021-01-14,-5.769776532960069e-05,-0.0389523686008285,-0.0160324950248791
2021-01-15,-0.0065409880923109,0.0155684263193196,0.0361111096842132
2021-01-18,-0.0033210676574334,-0.0163103436268498,-0.0173071864213375
2021-01-19,0.0026308230552209,0.0119953345116099,0.0161571905234128
2021-01-20,-0.0001167460375479,0.0218350759758219,0.010845920427172
2021-01-21,-0.0120708981604267,-0.0283731895426575,-0.0294527710174682
2021-01-22,-0.0100931696777362,-0.0242744755135093,-0.0492510296962641
2021-01-25,-0.0125812331447169,-0.0001354310575558,0.018325664372135
2021-01-26,0.0103264107687777,0.0185426373070087,0.0532907642827684
2021-01-27,-0.0005980743490323,-0.0011672882384479,0.0010407532409399
2021-01-28,-0.0060998420580293,-0.0292823526326172,-0.0509426990066609
2021-01-29,-0.010718859616033,-0.009631027625374,-0.0221030352967207
2021-02-01,-0.0135897728541061,-0.0007290392185628,-0.0413662422345285
2021-02-02,0.0004966313083607,-0.025893414858756,-0.0699791759952694
2021-02-03,-0.0191045431006553,0.0510936860526944,0.0480734550026278
2021-02-04,0.0497029351489679,0.009232937660992,0.0113640313248295
2021-02-05,-0.0086142599314686,0.0049780267575172,0.0747774685335871
2021-02-08,-0.003463731769045,-0.0128515186670681,-0.0069621433455585
2021-02-09,0.0124389631996066,0.0177656589135097,0.0179552971145164
2021-02-10,0.0146954964215662,-0.0142244727221175,-0.0461421044882577
2021-02-11,0.005935198893699,-0.0204786448959245,-0.0011915196265851
2021-02-12,0.0161081298280278,-0.0377766845953423,-0.0402128050420025
2021-02-15,-0.0202658938934041,-0.0109714134732123,0.0246339421032322
2021-02-16,0.0037932341548909,0.0458583891096204,0.0419335751788576
2021-02-17,0.0017712170401096,-0.0100866568523581,-0.0240637553301487
2021-02-18,-0.0018270720586958,-0.0193282665998888,-0.0512345859010529
2021-02-19,0.0138175236082627,-0.0129613547302129,-0.0364368023686874
2021-02-22,0.0259189488134645,0.0387429446550555,0.0463483555462533
2021-02-23,-0.0091972863452169,0.0252130244478381,0.0478120404252786
2021-02-24,0.0130643231029243,0.0028194816958724,0.0373350104690226
2021-02-25,-0.0110857629257248,0.0176476848887516,0.0387677942765043
2021-02-26,0.0056622564166799,-0.0042272031659553,0.017417963888751
2021-03-01,-0.0047206818630578,0.0163792049845508,0.0790524377817913
2021-03-02,-0.0037711915318183,-0.0150297985575593,0.0051611360578402
2021-03-03,0.0051620633509426,0.0153928104456058,0.0148231284201352
2021-03-04,0.0095868811779042,-0.0013810660236284,-0.0032349379803172
2021-03-05,0.0051435467293878,0.0231164652159667,0.0803450783611821
2021-03-08,-0.000506104573231,0.0151593040784683,0.0070798580959405
2021-03-09,0.0104085499009356,-0.0049141988069617,-0.0050747541451513
2021-03-10,-0.0131412113425867,-0.0176832172115535,-0.0149818131423394
2021-03-11,0.0054169831665875,0.0036002880148555,0.0064865993682725
2021-03-12,-0.0096527205569519,0.0179368622042592,0.0561134129875917
2021-03-15,0.0064600298700516,-0.0129855873611797,-0.0473089715442011
2021-03-16,0.0260119552721727,-0.0366054456753677,-0.0416948942943683
2021-03-17,-0.0025790701862363,0.0062434161263076,0.0109968161052127
2021-03-18,0.0019805519920117,-0.0145997405034902,-0.0300494479654184
2021-03-19,-0.0125191411155396,-0.0394314973949508,-0.0483280860738044
2021-03-22,0.0003336002325768,-0.0112180904993869,0.0112918135664994
2021-03-23,0.0042245747753546,0.0197118692084976,0.0358883560359126
2021-03-24,-0.0042068028222667,-0.0270839253884914,-0.0365523188084326
2021-03-25,-0.0124512078283133,0.002465637662308,0.019583733431163
2021-03-26,0.0305075031464061,0.0170398910594944,0.0237580934452494
2021-03-29,0.0044244171968295,0.0037153979310493,-0.0495550367137007
2021-03-30,-0.0028820412310724,-0.0193812796646056,0.0323168406624549
2021-03-31,-0.0099259729594619,-0.0241446669091757,-0.0036975766723952
2021-04-01,0.0246228903110412,0.0244137287147303,-0.0069946453878937
2021-04-02,-0.0071504832352509,-0.0374039139480727,-0.1218412188194887
2021-04-05,-0.0139699833952473,0.0481086529591181,0.0058076784704732
2021-04-06,0.0074684185167619,0.0226328831031463,-0.004537702888526
2021-04-07,-0.0163522853828511,-0.0418119172797735,-0.0076922202135913
2021-04-08,-0.0100852947427055,0.0250433751043099,0.0369562847143329
2021-04-09,-0.0019596008354108,-0.0094564889281906,0.0069882797619633
2021-04-12,0.0107130389583227,0.0291009997276125,0.0476986457646855
2021-04-13,-0.019089821183833,-0.0435548391890528,-0.0832861531754801
2021-04-14,-0.0022065247012975,-0.0094464010861142,-0.0087371806981902
2021-04-15,0.0054433967479727,-0.0369458187472743,-0.0907294880724968
2021-04-16,-0.0013535782852297,0.0185958248386965,0.0164271739863726
2021-04-19,-0.0054209744032389,-0.033209561516263,-0.0825458284364604
2021-04-20,0.0098789669179095,-0.0199577657114531,-0.0081743867510473
2021-04-21,-0.0057344014761211,0.022596430600847,0.057129093691457
2021-04-22,0.0069550581558441,0.0014550753636375,-0.0587585616183726
2021-04-23,0.0041555474210086,0.0203441710879903,0.0514101777895292
2021-04-26,-0.0185662279795566,-0.04552959079641,-0.068013798124059
2021-04-27,-0.0088887816980128,-0.0036996932241184,-0.0005494634476534
2021-04-28,0.0174771137373928,-0.0022910706618187,-0.0641650571614186
2021-04-29,0.0204151921129398,0.0320318149176821,0.0165687141598596
2021-04-30,0.0109228571729507,-0.0039516623522715,-0.0692546469050758
2021-05-03,-0.0098125018890232,0.0111703422488365,0.0487773791179582
2021-05-04,-0.0008907856251448,0.0128750234759176,0.0742713893682931
2021-05-05,0.0090826908272119,0.0276044474772396,0.0733330625374257
2021-05-06,-0.0086144005042759,-0.0050138234919423,-0.0018035633890551
2021-05-07,-0.0101375885363846,0.0020230213462035,-0.0235934902002735
2021-05-10,-0.0031513068006523,0.007928674624186,0.0467739800387407
2021-05-11,-0.0041207991118843,-0.0166070774395552,-0.0921935998852696
2021-05-12,-0.0001134041045722,-0.0047031869424144,0.0160472016783606
2021-05-13,0.0109978743247347,0.0139534900061939,0.0025460558898939
2021-05-14,-0.0059437040884328,-0.0076698235996011,0.0124745164326014
2021-05-17,-0.0201376607016384,-0.0207832436981773,-0.0089305553084624
2021-05-18,-0.0066778938561082,-0.0445636207646201,-0.0311909112343832
2021-05-19,-0.0100838858440455,-0.0424126100884041,-0.0710215399070596
2021-05-20,-0.0153385736538027,0.0092050072765983,0.0238871570556404
2021-05-21,0.0107019456702535,0.0297352072374161,0.0548236708036273
2021-05-24,0.0005295715688879,-0.0269702217813124,-0.0854076991265423
2021-05-25,-0.0036452721335002,0.0109401692490813,0.0171749802838692
2021-05-26,0.0209487805826464,0.0245911816842074,0.0935443480214786
2021-05-27,0.0157793968806725,-0.0024037994904135,-0.0040078058841535
2021-05-28,0.0223057479231421,0.0226363229329042,-0.0043063108899484
2021-05-31,,0.0341499178389985,0.0452488934505932
2021-06-01,-0.0009327546132402,-0.0104969938550912,-0.0032016505127857
2021-06-02,-0.0284427602329033,-0.0317489465376391,-0.0500435578248114
2021-06-03,0.0002826289709996,0.0147379709369879,-0.0179371823809089
2021-06-04,0.0029378566076232,-0.0131791061697416,-0.0175792277993773
2021-06-07,0.011323725387861,0.010707326419538,0.0124291316669797
2021-06-08,-0.0076871983316708,0.0125975725488478,0.0255357048139746
2021-06-09,0.0008978039503182,0.0127828233568887,-0.0057208020003853
2021-06-10,0.0011217973816388,0.008226538015728,0.0552790448805928
2021-06-11,-0.0012324322364972,-0.0027570944877106,0.0254351696876002
2021-06-14,0.0003928211059447,-0.0117686263876205,-0.0654800594814685
2021-06-15,-0.0140175289998747,-0.0409813662704293,-0.0054336116369887
2021-06-16,-0.00233149662253,-0.0037451275964414,0.0170334484796728
2021-06-17,0.0013679655561897,0.0053814498456059,0.0053718612189148
2021-06-18,0.0145150327344703,0.0103905921980409,0.00735723154086
2021-06-21,-0.0224430352332208,-0.0096215227874267,0.0019994268102179
2021-06-22,-0.0145782720780348,0.0207670415052401,0.0207167182193168
2021-06-23,-0.0057079052032531,0.0105573081911045,0.0080234644666532
2021-06-24,0.0035146220826227,0.0097989937537272,0.0978047072285352
2021-06-25,0.0047283260044213,-0.0169156851012601,0.0019752262198982
2021-06-28,0.0019753402980697,-0.00587631263105,-0.0139949354715402
2021-06-29,0.0070741225396664,-0.0267745136086581,-0.0356637312112531
2021-06-30,-0.0027636558569062,0.0668518840944221,0.0616550369922206
2021-07-01,0.0057735561513703,0.0285409117632591,0.0221235223427265
2021-07-02,0.0018371004563084,0.0156651089917014,0.0578497698579101
2021-07-05,-0.0034953589855438,-0.0097244407333897,0.0004263115241422
2021-07-06,-0.0056926118821022,-0.0114744958058586,0.0111344005982036
2021-07-07,0.0096575079300904,0.0278364172148259,0.0226556871612562
2021-07-08,-0.0160374303909808,0.0041773348913147,0.0040230228534861
2021-07-09,-0.0039582696723852,-0.0026087529648198,-0.0663030068235908
2021-07-12,-0.0053182697617082,-0.0091546841244605,0.0078194340528796
2021-07-13,-0.0001174484357349,0.0070630034005307,-0.024412625864385
2021-07-14,0.002879225413624,0.0243006879568419,0.038905817766766
2021-07-15,-0.0206831380601485,-0.0074009880029457,-0.0262492925442064
2021-07-16,-0.0110089870154954,0.0170375854796123,
2021-07-19,0.0047792069629306,0.0053439433027067,0.0309635989158392
2021-07-20,0.0089109705650514,-0.0025898820112429,-0.0089120757931442
2021-07-21,5.9645894416648915e-05,-0.0026360683743406,-0.0083723335112244
2021-07-22,-0.0048334678249405,-0.0039475196367971,-0.0037062197211366
2021-07-23,0.0152306958923902,-0.0138537573321678,-0.0204818526861555
2021-07-26,-0.0035082842674695,-0.0293554467601337,-0.0227640224075839
2021-07-27,-0.0087116179059216,-0.0047167304451816,0.0225584954757323
2021-07-28,-0.0033106976593604,-0.002351079816399,0.0021701258870663
2021-07-29,0.0093609912765035,0.0110953843652004,-0.0034556844067095
2021-07-30,-0.017112338429544,-0.038587172599438,-0.0269531218594168
2021-08-02,-0.0077311247268834,-0.010667582937678,-0.0113505816072718
2021-08-03,-0.0034969189115545,-0.0085212662799205,-0.0249982267189629
2021-08-04,-0.0067106846987183,-0.0057040303345492,-0.0075262036859782
2021-08-05,0.0247923487867369,-0.00409224112572,0.005623955563764
2021-08-06,-0.0157250248882636,-0.0166667108902718,-0.0250758122211028
2021-08-09,0.0027033967787675,-0.0109740438225828,0.0155805562554711
2021-08-10,0.005454301786042,0.0191113964283302,0.033816771099826
2021-08-11,0.0080451691461687,0.0016661707825051,0.0195981576290391
2021-08-12,0.0019350325254607,0.0229769477303627,0.0360228948294618
2021-08-13,-0.0004225537988046,0.0082813686840208,0.0158169409630266
2021-08-16,-0.0260203040222173,,-0.0403718809632054
2021-08-17,0.0206409724025566,0.0009127028911544,0.0358743720041836
2021-08-18,0.0025506684976313,-0.027119154394714,0.0037672737306175
2021-08-19,0.0152653822072823,-0.0026081672657248,-0.0013168523341049
2021-08-20,-0.0078760245159251,-0.0008989962246136,0.018856110452001
2021-08-23,,-0.0084654639166319,-0.0011000625419275
2021-08-24,-0.0102441957076081,-0.0144361167957266,-0.0256859485996343
2021-08-25,0.0177608086931948,0.0084955437694789,-0.0405917285591177
2021-08-26,0.003249347580958,-0.0126982637504138,-0.0459475724518868
2021-08-27,-0.0061179130192365,-0.0019753339349275,0.0024698479153155
2021-08-30,-0.0045866189131607,-0.0043796915109972,0.0251077585253733
2021-08-31,0.0086091712894591,0.0197113154606902,0.0172121123742339
2021-09-01,-0.0110002044530505,-0.0148090235900176,-0.068100504741936
2021-09-02,-0.0071112680039404,-0.0193684111416532,-0.0110360968993725
2021-09-03,-0.0009794355800577,0.033662592345141,-0.0861451690990221
2021-09-06,0.0148287457856453,0.0338124738388083,0.0290429402730441
2021-09-07,-0.0030796806739697,0.001285712726335,-0.0345975176328813
2021-09-08,-0.019380989238782,-0.0096709507375746,-0.0111290756320412
2021-09-09,-0.0105612796466021,-0.0508528284828984,-0.0632427550068921
2021-09-10,0.0013109453111876,-0.0213030978547537,-0.0004931214719139
2021-09-13,0.0144628839856739,-0.016750272009627,-0.0289738362008463
2021-09-14,-0.0002458068112287,,0.0034180392293952
2021-09-15,0.0151205757930232,0.0376081691356888,0.0206223329693298
2021-09-16,-0.0041779076911291,-0.024248758892492,
2021-09-17,0.0129514991368477,0.0392456541339705,0.0700521987684439
2021-09-20,-0.0034818679909576,0.004083691006135,0.0038294794370519
2021-09-21,-0.0079511554559242,-0.0084695655563362,0.0084017931069275
2021-09-22,0.0025502040615121,-0.0013954299436926,-0.0664744863679374
2021-09-23,0.0218035232612026,0.0252805798375119,0.0345426654972775
2021-09-24,0.0134552187782583,0.0211877210722803,-0.0148759671940308
2021-09-27,-0.0015790637298567,0.013791810426627,0.0528757309772558
2021-09-28,0.008786913000367,-0.0771563451234759,0.0099811223764909
2021-09-29,0.0005806393318326,-0.0197562660011662,0.0020031915485436
2021-09-30,0.0148568993163582,0.0402205166284312,0.0152383846033805
2021-10-01,-0.0051468442621642,-0.0158562618406328,-0.0042885129004271
2021-10-04,-0.0050583626946189,-0.0170591604223094,0.0012306146011606
2021-10-05,-0.0153676401397824,-0.0353684710400395,-0.0563603335259602
2021-10-06,0.0017017584042928,-0.0265789159758882,0.0015350350619269
2021-10-07,0.0044515515687675,0.0333257351098028,-0.0364125977743187
2021-10-08,0.0087473592566003,0.0292695085429572,-0.0500795263340059
2021-10-11,0.0049717406293914,0.0043885035417243,-0.0293281851308877
2021-10-12,-0.0079957175597562,-0.0190501936594954,-0.0716675718513074
2021-10-13,0.0117133366091053,0.0822682424486087,0.0739343721694254
2021-10-14,-0.0299191507924967,0.0169971944182034,0.0275272649244828
2021-10-15,0.0157164044018163,-0.022500073398194,-0.0256161873816971
2021-10-18,0.0027920706727699,0.0017388484567597,0.018172303095892
2021-10-19,0.0062071990047603,0.0018233776799518,-0.0385762785239958
2021-10-20,0.0080708579458601,-0.0002069721164832,-0.0200620588312364
2021-10-21,0.0076630594589575,-0.0019032417895241,-0.0162690165274254
2021-10-22,0.0051409200708212,0.003440729152581,-0.0683723134319005
2021-10-25,0.00483051742556,0.0123115331628205,0.0121523119333968
2021-10-26,0.0010745183105296,0.0104069007907794,0.0782178388540435
2021-10-27,0.0012994114815683,-0.0003635572214588,-0.0018558752377418
2021-10-28,0.0005079209403089,-0.0231523003958381,0.0003281065208
2021-10-29,-0.0069929950643813,-0.005914975913249,-0.0114257399891306
2021-11-01,0.0108469910049948,0.0616236252283604,0.0767018469100382
2021-11-02,0.0041571383767324,-0.0017638007063549,0.0
2021-11-03,0.00078336432035,0.0012957679695504,0.0008217959148295
2021-11-04,-0.0005589737504987,-0.0189004235101265,-0.0636867680552091
2021-11-05,-0.0149905668597724,-0.0203038511600845,-0.0144148515648894
2021-11-08,0.0060759156410596,-0.0030597290151428,-0.0321433311236856
2021-11-09,0.0001693106797857,0.0123992563624559,-0.0034474308657329
2021-11-10,-0.0082390554196135,-0.0080032543939001,0.0323454827685834
2021-11-11,0.0119492349003222,0.0288891916129552,-0.0627198857086465
2021-11-12,0.0077036703016211,0.017464698732815,-0.040936777953442
2021-11-15,0.0030690698727502,0.0011676798789581,-0.025784367661833
2021-11-16,-0.0126280841726441,-0.0319181992118373,0.0055484381393815
2021-11-17,-0.010253942726191,-0.017348643502525,-0.0471871790943652
2021-11-18,-0.0010817438882378,-0.0173281032092383,-0.0023963297649589
2021-11-19,0.0010829153252724,0.0056144135887956,-0.0805364146171608
2021-11-22,0.0114416322738499,0.0108766530553616,-0.0016690545895901
2021-11-23,-0.0036579635709351,-0.0255285941741967,-0.0888275655993685
2021-11-24,0.002541763096592,0.0022670736933065,-0.0175508334664749
2021-11-25,,-0.0074142282182776,-0.1140885333144338
2021-11-26,-0.0043397462508125,-0.010255051297725,0.0330889153147684
2021-11-29,0.0050946496428361,0.0276298405001567,0.0808269069678893
2021-11-30,-0.0051250440329215,-0.0049374688208252,0.0111640175156668
2021-12-01,0.0087178160710141,-0.0010008560296548,-0.1224224857419573
2021-12-02,0.0108873086270908,-0.043743016956956,0.0512488528559378
2021-12-03,-0.007383507060899,-0.0296379168374593,-0.0290390977603121
2021-12-06,0.0081094973404913,0.0117852027735176,0.0246510903659427
2021-12-07,-0.0259086539940686,0.0097365554971688,0.0593490114042782
2021-12-08,-0.0023919105930216,0.0076171404759062,-0.0076813742567518
2021-12-09,-0.0015986542253765,0.0302380277571092,0.036769060182475
2021-12-10,-0.0050317691507377,,0.0027592625752506
2021-12-13,-0.0032760884656883,0.0030186656589128,-0.0093881195826728
2021-12-14,-0.0061694570693674,0.0046818755072506,0.0742647373690046
2021-12-15,-0.0150849337373037,-0.0188892415056691,-0.0206099825131429
2021-12-16,-0.0013547082571175,-0.0164540879090653,-0.0125019461532281
2021-12-17,-0.0046598370499323,0.0357436942949012,0.0491468120625187
2021-12-20,-0.0025484229236761,0.0098242989620958,0.0774246887484899
2021-12-21,0.0,-0.0022259817901094,0.0009739087975544
2021-12-22,0.0071298323612256,-0.005908197884161,0.0037528201294276
2021-12-23,-0.0036577028575189,0.0307136100748319,0.1096725915664733
2021-12-24,,0.0006451872397394,0.1100018041682475
2021-12-27,-0.0370323494887151,-0.0219615975561037,-0.0631815099494341
2021-12-28,0.0087652135017295,0.0210127523921017,0.0393615589490423
2021-12-29,0.0091790497767707,0.0199345585196104,0.0472809282051165
2021-12-30,0.003759196999979,0.0468843843332198,0.0378148970391338
2021-12-31,-0.0056178805748632,-0.0236206408819376,0.0090826547844735
2022-01-03,-0.0075937051764357,-0.006115874118253,0.025160537355481
2022-01-04,0.0002448316098593,0.0420220678839271,0.010525791279409
2022-01-05,0.0012850513305757,-0.0031018890972812,0.0227630495559825
2022-01-06,-0.013507819868071,-0.011659706404408,0.0299568495166786
2022-01-07,0.0046469655567924,-0.0019727043299345,-0.0503087380189952
2022-01-10,0.0037005012870294,0.0312430735548892,-0.0114277007820352
2022-01-11,-0.0043627717168237,0.003132546252903,0.0750616556523096
2022-01-12,-0.0164773002453637,-0.0079927478413481,0.0238470991310111
2022-01-13,-0.0070903932879043,-0.0266226868182715,-0.0569455372209675
2022-01-14,0.0208771094020641,-0.01560179545597,0.0310334808989092
2022-01-17,-0.0149011550025751,-0.0208866065370253,-0.0525178943383599
2022-01-18,-0.0013923449644738,-0.0045909647207948,0.0176825534757292
2022-01-19,-0.000317349500357,0.0129618473646162,0.0060241297928425
2022-01-20,-0.011157937049437,-0.0217845150688701,-0.0256841800034132
2022-01-21,-0.0021799387653083,0.0037719129899691,0.0546017865369246
2022-01-24,-0.0152285836718183,-0.0029581245084752,-0.0092472095737269
2022-01-25,-0.0045021825052297,-0.0126293850639785,-0.0142919758176648
2022-01-26,-0.0007862916234242,0.0196533388946058,-0.0585392815794731
2022-01-27,0.0102984568239028,0.0166460210273255,0.0360921928231414
2022-01-28,0.0099987032960437,0.0061890756744704,-0.020122331071529
2022-01-31,-0.0094497755967889,-0.0105891909339299,-0.0314740773002816
2022-02-01,-0.0073334984968531,-0.0017704270099579,-0.0304192984371427
2022-02-02,-0.0112445343992652,-0.0054394682377525,
2022-02-03,0.0024465827052406,-0.0147828043189159,0.0030071956856769
2022-02-04,0.009563803277707,0.0214409265795958,0.0059962711686663
2022-02-07,0.0056188655222182,0.0270556037089233,0.0503209479269324
2022-02-08,0.0027933557395822,0.0178306519314144,-0.0153333932272323
2022-02-09,-0.0020731014172282,0.0405364658362286,0.0203935051083754
2022-02-10,-0.0107123328151187,0.0116944102388525,-0.0217237815343879
2022-02-11,0.0099095535072857,-0.0257667835089097,0.0173207962727657
2022-02-14,0.0,0.0056936674918841,0.0781991914382247
2022-02-15,-0.0184546645698043,-0.0054423471778186,-0.0325438195919668
2022-02-16,0.0005297637536434,0.0197218054593244,0.0055977366381618
2022-02-17,0.0100575321752709,0.0104803371601918,-0.0094162810690836
2022-02-18,0.004258066575232,-0.0149340331788224,0.0073525228168616
2022-02-21,-0.0096542806906223,-0.0041606631560612,-0.013659325116185
2022-02-22,0.0098141141866541,0.0191838955707417,0.024789906342217
2022-02-23,0.0007827138644287,0.0126196248848715,0.007220929756684
2022-02-24,0.0102327872649656,0.0149621283567646,0.0623720197189063
2022-02-25,0.0119354136936584,-0.0037112347503078,-0.0611684277968261
2022-02-28,0.010455911260329,-0.0001742399786996,-0.0112440437098449
2022-03-01,0.0449237625334193,-0.0098891349076551,-0.0366600762876059
2022-03-02,-0.002777527306542,0.0255329027840602,-0.002479553165553
2022-03-03,-0.0050256784943796,-0.0075786631812386,-0.0029720256079851
2022-03-04,-0.0003042112029938,-0.0226687724540555,0.0123570475701921
2022-03-07,-0.0021306342793734,0.0023338268143435,-0.0334600365364646
2022-03-08,0.013360038141583,0.0223992506474186,0.0296887161276042
2022-03-09,-0.001625199144651,-0.0127655785953552,-0.0048412798603184
2022-03-10,-0.0010250994942111,0.0092958805047445,0.0110269907358531
2022-03-11,-0.0281282712415555,-0.0014887819420691,-0.0145957860646558
2022-03-14,0.0094402727284315,0.0002773352030347,-0.0201833935759263
2022-03-15,0.0064604361420605,-0.0081124048508507,-0.0974582823059385
2022-03-16,-0.0054408016262633,-0.0012230351646904,0.0128228496684006
2022-03-17,0.0060850841085917,-0.0139628007025567,-0.0153258950280732
2022-03-18,0.0091641622652334,-0.0225363165481855,-0.0115657019225886
2022-03-21,-0.0154983407513745,0.0724350248412661,-0.0430696349524377
2022-03-22,0.0023370368736359,0.0320274079441535,0.0418861947408537
2022-03-23,0.0042944699870246,0.0079719488082559,0.0257194272700913
2022-03-24,-0.0006108286579239,-0.0055328845587601,-0.0150933951943775
2022-03-25,0.0087407086944784,-0.0004910561930641,-0.0093925987472197
2022-03-28,-0.0130883975632732,-0.0033070261263247,0.0018713932775662
2022-03-29,-0.0045435560886694,0.0033179988351597,0.0036734719858571
2022-03-30,0.0033922445486929,0.0171573589003037,0.0549627839831554
2022-03-31,-0.0022743291164998,-0.0064382261747115,0.0101728551827304
2022-04-01,-0.0077629898088529,-0.0053456185189537,-0.0153675970244161
2022-04-04,0.0037255884137008,0.0172962331636961,-0.0036062703657255
2022-04-05,-0.0040829255947011,-0.0070439962932968,0.0210039675207056
2022-04-06,-0.0013044056388545,-0.003676382811646,-0.0238261625981439
2022-04-07,-0.0076502765130803,0.0015858264887016,-0.0097034746129369
2022-04-08,-0.0013160738896274,0.0073680103414213,0.001021930644472
2022-04-11,-0.0021964517503132,0.0094512546171721,0.044078766211661
2022-04-12,-0.0032077961820016,0.0143950820269405,0.0174278084013561
2022-04-13,0.0027131923728247,-0.0005650759202106,0.0183730002329922
2022-04-14,-0.0053892326223287,0.0089210857236972,0.0484622835412351
2022-04-15,-0.0003825671012561,-0.0184318285556834,-0.0164133579968757
2022-04-18,-0.0009566781818658,-0.0044725296326223,-0.0154492668890034
2022-04-19,-0.0143621173626464,0.0384578979355267,0.0085839659738169
2022-04-20,-0.0003886620085138,0.0213856110781247,0.0471621233299248
2022-04-21,0.0001296043751346,-0.0050467806932897,0.041362559242642
2022-04-22,0.004469698765732,-0.0085143889191628,0.0137700783617236
2022-04-25,-0.0033535368594828,0.012759329315066,0.0176041373295554
2022-04-26,0.0157240360362986,0.0084791284470095,0.0310813262116829
2022-04-27,0.0086005896263114,0.0016100964310581,0.0170117276668793
2022-04-28,-0.0008843763901732,-0.006727427333652,0.0170028810158744
2022-04-29,0.0021492984576767,-0.0308677895603379,0.014730512862447
2022-05-02,0.0109765657482425,0.0058134731957426,0.0458208707776226
2022-05-03,-0.0015598978130534,0.0047039029111066,0.0406199151040636
2022-05-04,-0.0006875060090798,0.0154839138004516,0.0222177089614421
2022-05-05,0.0052533094555013,0.0073528140886667,0.035544128242966
2022-05-06,0.0051013012562763,0.0091238377933002,-0.0074213713175806
2022-05-09,0.0134316530886089,0.0318966090794172,-0.0034659239799892
2022-05-10,0.0030538785947222,-0.0165757740202847,0.0181321405201535
2022-05-11,-0.000608936329702,-0.0125026429809437,0.0533891272200177
2022-05-12,-0.0015232179500191,-0.013281799307767,-0.0546184007477668
2022-05-13,0.0106176569349092,0.0184371331682144,0.0198488941111987
2022-05-16,-0.0008453959317608,-0.0138057291394728,-0.0302708880672237
2022-05-17,-0.0111795761257932,-0.0191630284271174,-0.0606001663362577
2022-05-18,-0.0020781169147726,0.0181680698719086,0.0380004295629174
2022-05-19,-0.0020207844874822,0.0038255921305725,0.0240996896954786
2022-05-20,0.0069956093128864,-0.0023819293767175,0.0049173033626503
2022-05-23,0.0086533631257945,0.0163856381652447,0.0165824816064927
2022-05-24,-0.0131101033376848,-0.0074880349160304,0.0689537344542736
2022-05-25,-0.0033061122119545,0.0004732219636969,0.009506123909958
2022-05-26,-0.0074317945241957,0.0092269204613681,-0.021028045208104
2022-05-27,-0.0145421272747916,-0.011867556516469,-0.0076300564256251
2022-05-30,0.0016325992425363,-0.0159838380327583,-0.0175637045981094
2022-05-31,-0.0055166660143453,0.0019287789087856,0.0006677170844566
2022-06-01,-0.003467538645737,0.0142270356995086,0.0081544224017726
2022-06-02,0.0046179972518081,0.0161920448346448,0.0217287542714961
2022-06-03,0.0066747681646581,0.0075292217314635,0.0125225299127729
2022-06-06,-0.0050040361478917,0.0014194689086106,0.0319852151674682
2022-06-07,-6.287934515536442e-05,0.039799873591086,0.0101935099018704
2022-06-08,-0.002011953240645,-0.0122673404778359,-0.0070907022507415
2022-06-09,0.0607284611177256,-0.0231217130670011,-0.0973700986000849
2022-06-10,0.0107494193981882,,-0.0109547544681438
2022-06-13,0.0052296360573802,0.0038976742625553,0.0347665907502463
2022-06-14,0.0076569970427675,0.0170094224611305,-0.014048906614123
2022-06-15,0.0019144005785949,-0.0376376670469115,-0.0035057022016762
2022-06-16,0.0056159285505545,-0.0208722443006104,-0.0326839386803915
2022-06-17,,0.0231314099573305,0.0419615793117773
2022-06-20,-0.0398326502317332,-0.0072405209011023,0.0037156216232685
2022-06-21,0.0081178707919651,0.0012503378946755,-0.0237818701183342
2022-06-22,0.0060394987828833,-0.0262831586353025,-0.0266595415735506
2022-06-23,0.0042961752831718,-0.0025646829311379,0.0205029581730478
2022-06-24,-0.0093764111126066,0.0034284017323034,-0.0210550923941658
2022-06-27,0.0240181211316772,0.0071085977437896,-0.0094934359738243
2022-06-28,0.0004621674207461,-0.0122991695296141,-0.0069596342065584
2022-06-29,-0.0006352224995178,-0.0117157783884841,-0.0300760696780969
2022-06-30,-0.0052001174994809,0.002172366904799,0.0130062920216802
2022-07-01,0.0097578448215083,-0.0059456147206138,-0.0109643860828199
2022-07-04,-0.0023584966317601,0.0094389440097635,-0.0119101564489687
2022-07-05,-0.0028827169033937,-0.0067277360190919,-0.0283616447646142
2022-07-06,-0.0031804241989163,-0.0024283212787306,-0.0315934083028743
2022-07-07,0.0093972678509519,-0.0109861325549381,-0.0282801627225358
2022-07-08,-0.0087350694093847,-0.0012624904191691,-0.0170148513218181
2022-07-11,-0.0297988131050377,0.0170627572021517,0.073274828918382
2022-07-12,-0.0079473968104532,0.0018019383158418,0.0082584039786857
2022-07-13,-0.008974917172757,0.0140791511646483,0.0157382311871088
2022-07-14,0.0034035844325668,-0.0214983492736442,-0.0287934109036758
2022-07-15,0.014338227328426,0.0094071324077826,0.0371674634902419
2022-07-18,-0.0117897601552189,0.0022291974398034,0.0009640428763089
2022-07-19,0.0001218859905662,0.0145505755913151,0.0768779197240256
2022-07-20,-0.0035299604379076,0.0011568838281772,-0.0010887269121663
2022-07-21,-0.0125206800280031,-0.0031325787241224,0.0045931985356788
2022-07-22,-0.007422063754704,0.0027460964099546,-0.0506431832976321
2022-07-25,0.0012464653431001,0.0148783186364191,0.0468552140113565
2022-07-26,-0.0166169925641812,-0.0020087830635526,-0.0178174285135015
2022-07-27,0.0127841481058352,-0.0089217548781137,-0.0017068620153485
2022-07-28,0.0033117477976045,0.0132154806360047,-0.0118891623040874
2022-07-29,0.0130791621480454,0.010979282912793,0.1009254992847712
2022-08-01,0.0056560668644942,-0.0182577551023601,-0.0222968633867017
2022-08-02,0.0025064923670026,0.0129308114019461,0.0142813543058957
2022-08-03,-0.0015246573831794,0.0078557118531927,0.0174715111140006
2022-08-04,-0.0139855526767831,-0.0250371172305687,-0.0059773722844812
2022-08-05,0.0063178938357995,-0.0035127636409605,-0.0332009744626197
2022-08-08,-0.0016618691742747,-0.0012458209131728,0.0045989189773711
2022-08-09,0.0043772323910533,-0.023976970841014,-0.0146716835351196
2022-08-10,-0.0076730183283735,-0.0038656672157324,-0.0262386209898972
2022-08-11,-0.0071756505863534,-0.0078865294568377,-0.0423151826146475
2022-08-12,-0.0014952238267199,0.0016718366565151,0.008616467528091
2022-08-15,,-0.0170056008757644,-0.011619945391094
2022-08-16,-0.0120111877105152,0.0020822894480991,-0.014828753029631
2022-08-17,-0.0014638630203441,0.0027174121127264,0.024449084751819
2022-08-18,-0.0072027165968384,0.0067274643037364,0.0155856654833539
2022-08-19,-0.0038526403591153,0.0191606867717237,0.0055151661581014
2022-08-22,0.001224858946244,-0.0261343115156883,-0.0201510620080541
2022-08-23,0.0011585887548626,0.0177735361758684,0.0593437105230745
2022-08-24,0.0104166061015205,0.0012538674403579,-0.004250328739376
2022-08-25,0.0031819261822001,0.0247369854399628,0.0018458412184594
2022-08-26,0.0057092588382283,0.0078227684469665,-0.0033009072106549
2022-08-29,-0.001135307428455,-0.0043357536229601,0.0152115434405073
2022-08-30,-0.0137662468445862,0.0122718238246763,-0.0023898220714724
2022-08-31,0.000960455932347,-0.003790173154506,-0.0156659769199419
2022-09-01,0.0033263997407027,-0.0103576161702351,-0.0299378071857716
2022-09-02,0.0043352439083061,0.0149818556919822,0.01115006015531
2022-09-05,-0.0091411095383326,-0.0017436504649438,0.0036626021631882
2022-09-06,-0.0215261326911715,-0.0058724998035131,-0.0477536320826734
2022-09-07,-0.002684339654813,0.0036653618312749,-0.0930031018073378
2022-09-08,0.0044641744067457,-0.0140345425218895,-0.0368906233004917
2022-09-09,-0.0105228421688651,0.0081118977007133,0.0004245310418349
2022-09-12,-0.0010569808573849,0.0036743439359723,0.0209355073702008
2022-09-13,0.0022485016692812,0.0306780914120166,-0.0189359228829328
2022-09-14,-0.0169559290758155,-0.0375142761868273,-0.0313529974555993
2022-09-15,-0.0228185536424636,0.0058554466839104,0.0074844896288657
2022-09-16,0.0098209951548808,,-0.0479498422338395
2022-09-19,0.0089096572163693,0.0023716806683864,0.0176327306281764
2022-09-20,0.0023596927112858,0.0235426544263055,0.0239992402514768
2022-09-21,0.0104243927185043,0.0065016077621284,0.0624817203924519
2022-09-22,0.0073215584205252,0.0128616188898915,0.0066359079377757
2022-09-23,0.0023787481551311,0.0105726132708197,-0.0031369449915676
2022-09-26,-0.0052734541585335,0.0112193094408248,0.0132712561983827
2022-09-27,-0.0036449310889579,0.0074057872731068,-0.0003150241594067
2022-09-28,-0.0194879303491671,-0.0069107865258033,-0.0546126011862573
2022-09-29,-0.0011532507541407,0.0248965020968652,0.0222402050860355
2022-09-30,0.0025808112690623,-0.0080882093696874,0.0422083068949539
2022-10-03,0.000203238428968,0.0097905762893146,0.0612399827324887
2022-10-04,0.0077206002699348,0.0004059351550513,0.0228717939093645
2022-10-05,0.0087364961735842,0.0175833296873897,-0.0380909246396521
2022-10-06,-0.0020654250238777,-0.0168009383378568,0.0030395424675642
2022-10-07,0.0088156239562733,0.0205219737099431,0.005548455120893
2022-10-10,0.0080715441620784,-0.0115781466296566,0.0237690606946168
2022-10-11,-0.0019851081810028,0.0128126462421873,
2022-10-12,0.011138955285102,-0.0011115935593299,0.0052943520721977
2022-10-13,-0.0080001283408733,0.0031263712470241,0.0026757481035388
2022-10-14,0.0023137801071189,0.0108027125834972,0.0450694650420355
2022-10-17,0.0031656193303495,-0.0100600683909438,-0.0104572058134303
2022-10-18,0.0167640823062882,0.0001584735668711,-0.0166297926138435
2022-10-19,0.0240528533828616,-0.0116122892426606,-0.0052065977610231
2022-10-20,0.0031570602730042,-0.0143388778165741,-0.0136080055900975
2022-10-21,-0.0020770385964955,0.0091563986558729,0.0133288028068709
2022-10-24,-0.0121730802465579,-0.0099860683542307,0.0027228296462826
2022-10-25,-0.0077894718207005,0.0058298755448673,0.0136608778842981
2022-10-26,-0.006306318125548,0.0088420842976388,0.0049455858525417
2022-10-27,0.0041446715447348,-0.0078293814660894,-0.0168142671682343
2022-10-28,6.44783981589292e-05,0.0082951534936988,-0.0113873818460639
2022-10-31,0.0046429867749975,-2.6699978067923347e-05,0.0096198423363582
2022-11-01,0.0069323983070446,-0.0225445045375833,0.0491454306305356
2022-11-02,-0.0109006684734115,0.0131172782557462,0.0097589998743679
2022-11-03,0.0018046520878221,0.0051790442055077,-0.0056015706861748
2022-11-04,0.0065620822888203,0.0016368426805,0.0203903496997484
2022-11-07,-0.0203887292453229,-0.0070729384090313,-0.0391882504595967
2022-11-08,0.0102433557855008,0.0078788402163598,0.0297806936494628
2022-11-09,0.0040040781282406,0.0027840390955546,-0.0077014016261971
2022-11-10,0.0043741942577435,0.0002137344125747,0.0161162278198776
2022-11-11,0.0013450984443466,-0.0015748669561808,0.0188224050721428
2022-11-14,0.0014710800598447,0.0032347024871226,-0.0315942843042017
2022-11-15,0.0010217435868375,0.0020250763363862,
2022-11-16,0.0206072487543007,-0.0137484843241472,-0.0002414583049958
2022-11-17,0.0062510565244937,-0.0007278895797534,-0.0401336498437727
2022-11-18,-0.0021120810325802,-0.0071775651395845,-0.0021807686270334
2022-11-21,0.0031128383334511,,-0.0018492295892126
2022-11-22,0.0024825834010258,0.0188715320365864,0.0124636464129574
2022-11-23,0.0006187554594214,0.0029358104332248,-0.0228321493202461
2022-11-24,0.0014849828136145,0.0185742575435203,-0.0043411825132567
2022-11-25,-0.0044480404490057,0.0048592058979721,-0.0287253191013634
2022-11-28,0.0076947912291445,0.0099837620607194,-0.0366605130987724
2022-11-29,-0.0115155178367289,0.0046333577303618,0.004659894354722
2022-11-30,-0.0005607700361234,-0.0020496667143925,-0.019826295019533
2022-12-01,0.0048621916461517,0.0112972770992454,-0.017026203279914
2022-12-02,0.0029151778745142,0.012186934691744,0.001463080760099
2022-12-05,0.0048863380155947,-0.0054181490941758,-0.015976244642273
2022-12-06,-0.0163722246198143,0.0060274907379431,0.0016283349277841
2022-12-07,-0.0053187835881208,0.0091754742622822,-0.0062637351172268
2022-12-08,0.003774402642759,0.0057381022481854,-0.1212529313680481
2022-12-09,-0.0003760618969874,-0.0023217098580352,0.0033948152034783
2022-12-12,-0.0008776715271106,0.0143341844561164,0.0419099191038541
2022-12-13,-0.0037022928342302,-0.0027579971005458,0.0034567835721344
2022-12-14,0.0008188378522306,-0.0269460934535131,-0.022443776470324
2022-12-15,-0.0033985120244816,0.015594175251236,0.0083827613887528
2022-12-16,-0.0110507468595604,0.0184259230855752,-0.0050301649114266
2022-12-19,-0.0051719973968175,-0.0135452185821535,-0.036453653185133
2022-12-20,0.0145057315776475,-0.0003942684750978,0.0223130928940527
2022-12-21,-0.0005060367376067,0.0211101810231535,0.0133981396313522
2022-12-22,,0.0001448511598101,0.0105554734417923
2022-12-23,0.0023019606293193,0.0155514780212329,0.0211543037416714
2022-12-26,0.0069532802617255,-0.0125787486637474,
2022-12-27,-0.0087426061319134,-0.0215287549562462,-0.0218465981166147
2022-12-28,-0.0046652377143754,0.0096653472455616,0.025486372853585
2022-12-29,0.0139975345471812,-0.0071552512994568,0.0622118055041767
2022-12-30,-0.0011483708811399,-0.0061491055784073,-0.0024943876658132
2023-01-02,0.0083678573278671,-0.0031429233343422,-0.0309577521174384
2023-01-03,0.0051945090251748,-0.0015147196672385,0.0052126847350284
2023-01-04,0.0111543761786716,0.0235469009966935,0.0135544454060563
2023-01-05,0.0086633433627003,-0.0031825271132039,-0.0275568732105261
2023-01-06,-0.0064879346539646,-0.0068234265364621,0.0387039257620214
2023-01-09,0.0011815894729105,-0.0001472735126116,0.0016549741281637
2023-01-10,0.0035409871143865,0.0005890287352641,0.0115656016021996
2023-01-11,-0.0010523856178173,0.0145196823154034,-0.0007918650199801
2023-01-12,0.0045854034016541,0.0044968032312799,0.003764585340074
2023-01-13,-0.0140637502628453,-0.0013959724936964,-0.0715554680402388
2023-01-16,0.0008133037083246,-0.0295720025680756,-0.0393323797198413
2023-01-17,-0.0039381452458069,-0.0013907331399963,-0.0232378669878379
2023-01-18,-0.0029496166666599,0.0175332926495739,0.0119519694720489
2023-01-19,0.0040914484997223,-0.0071369098261939,-0.0185278347141263
2023-01-20,0.0107194757301867,-0.0041848089497641,0.0138588341811503
2023-01-23,0.0093655773843066,0.0265993644089868,-0.001293868373742
2023-01-24,-0.0100773884549523,-0.0004334366572505,-0.0453982080848895
2023-01-25,-0.0117316650156379,0.0243796458446237,-0.0411847763954413
2023-01-26,-0.0064696461017264,-0.0206952149383891,0.0065846604567307
2023-01-27,-0.0089769842171348,0.0021613249042207,0.0625420020142308
2023-01-30,-0.0035086806260091,0.0098006946081552,-0.0142692501955855
2023-01-31,-0.0028807430410366,0.0090646918854022,0.0253326882579294
2023-02-01,-6.412063075578178e-05,0.0097359957345539,-0.0161675753084549
2023-02-02,-0.0033387477341985,-0.0014673544486213,-0.0115149022614651
2023-02-03,-6.444383407022691e-05,-0.0137145181416965,0.0105368087131318
2023-02-06,0.0035433878867818,-0.0028615466054499,0.0291953492647709
2023-02-07,0.0140592860558743,-0.0005216874336086,0.0121573911429628
2023-02-08,0.0014560788653876,-0.001684696911166,-0.0224657093020403
2023-02-09,-0.0025918360184061,0.0091509250462871,-0.0032424602491559
2023-02-10,-0.0003171141077306,-0.007372207360647,-0.0490240627670744
2023-02-13,-0.0219994706588716,-0.0023489470029677,0.0105023102005592
2023-02-14,-0.0114093421681957,-0.006112517908415,0.0162133011543683
2023-02-15,-0.0007213600375243,0.0182826034422556,-0.0362924825651101
2023-02-16,-0.0052498874849603,-0.0021853741372757,0.0489994064895289
2023-02-17,0.0046177881963802,0.0039801793069353,0.0225460125540548
2023-02-20,-0.0137236799113276,-0.0070843692766283,-0.0289462360619489
2023-02-21,-0.0093873221738022,0.0110331634007034,0.0165347676263849
2023-02-22,-0.0085356682008799,-0.0140910095748599,-0.0203322046257725
2023-02-23,0.0004745738162537,-0.0195781617196566,-0.0559485948756339
2023-02-24,-0.0212751699566724,,-0.0270621453604746
2023-02-27,0.0022153160828766,-0.0066091671812561,-0.0105658688540543
2023-02-28,0.0067003579785749,-0.0183809250803352,-0.0355098384099605
2023-03-01,0.014889469923675,-0.0127389980091771,-0.0192088959161848
2023-03-02,0.0081805441161695,0.0046101667755895,-0.0340020394167562
2023-03-03,0.0029507340416339,0.0164855699099633,0.0185145340902608
2023-03-06,-0.0068869773548625,0.0036555656315553,0.1206110940725275
2023-03-07,-0.011512848694424,-0.0244950346745974,0.0496514374300258
2023-03-08,-0.0046314329515517,0.0182437119319252,-0.0111058847748876
2023-03-09,0.0046529829300168,-0.0100166818869025,
2023-03-10,-0.0151886480941147,-0.0321193503828011,-0.0555011806394474
2023-03-13,0.0455770663103918,0.01440940194973,-0.0179506400482606
2023-03-14,-0.0083342389805927,0.0073429107382587,0.0001110562423569
2023-03-15,-0.0043358098026637,0.0221696512145392,0.0065552356567928
2023-03-16,-0.0046223248803075,0.0169183201643279,0.0197030300641678
2023-03-17,0.0009421582592732,-0.0101562007110127,-0.0376163517800117
2023-03-20,,0.0029314584796975,-0.0173780798623113
2023-03-21,0.0060425258979757,0.004335804045749,-0.015739468754503
2023-03-22,0.0004003291210918,0.0058691658260474,-0.0203523868997835
2023-03-23,0.0087387131254219,-0.0024592895203201,0.020300339194899
2023-03-24,0.0010580154033084,0.0068645953970549,0.0329280567933392
2023-03-27,0.0085215811156296,0.0174839167603551,-0.0200506758513316
2023-03-28,0.010545617093862,-0.004939926715879,0.0048852854640548
2023-03-29,0.0023333191341401,-0.0018527699564733,0.0149851889204641
2023-03-30,-0.0138853633462876,0.0122081556901443,-0.0141440869529103
2023-03-31,-0.0001981817382799,0.0086988353582717,0.0665905079079254
2023-04-03,0.0149431258552727,0.0034496570384436,-0.0347803069715
2023-04-04,-0.0247557279258122,-0.0081761121510501,-0.0353672483238078
2023-04-05,-0.0182363331814487,0.007400428864867,0.0316564972148363
2023-04-06,-0.0176228034590729,0.0003720309250168,-0.0138920186166755
2023-04-07,0.0004157232817716,-0.0026723938409874,-0.003168303018918
2023-04-10,0.0058154840040838,-0.0337863159654756,0.0147567444730083
2023-04-11,0.0095676116825573,0.0011093756526616,-0.003971091681523
2023-04-12,0.0072953520034437,-0.0038783257893503,-0.0100517100545634
2023-04-13,0.0004059425643985,0.0061665168226689,-0.0086220946823953
2023-04-14,-0.0123814933146063,0.0190835452798017,0.0013159908560766
2023-04-17,0.0030828622778442,0.0012026745521227,0.0168000139508928
2023-04-18,0.0045074887019425,-0.0015782762967118,-0.0025851787543875
2023-04-19,0.0003399672806057,0.0094845541680854,-0.0207910893071634
2023-04-20,-0.0025145099995972,0.0112416975454134,-0.018010183238054
2023-04-21,-0.0091988001022781,0.0193676852823521,0.0388491121630947
2023-04-24,0.0002751856730298,0.0011789041584089,0.0292177118322192
2023-04-25,0.0006185558360627,0.0022419803393844,-0.0244424107197361
2023-04-26,0.0028170306954071,0.013105339195699,0.0529745981999238
2023-04-27,-0.0020553765667268,-0.0045276718189163,-0.0137644141989444
2023-04-28,0.0146240897840839,-0.0014337629910083,-0.0177972155970478
2023-05-01,0.0065639498875402,0.0091540741386388,0.007930754665036
2023-05-02,0.0024872324371121,-0.0046911048078924,-0.0023495584322592
2023-05-03,-0.0129424165674303,0.0073267392403804,0.0261255571509673
2023-05-04,-0.0025139207104782,0.0026832004490657,0.0481451226037756
2023-05-05,-0.0069473290028319,0.0015260565833241,0.0053470646120412
2023-05-08,0.0024692755752731,-0.0130285205968732,0.0023300917745603
2023-05-09,0.0019156460946834,0.0218817182944941,0.0605417193851081
2023-05-10,-0.0027997174076017,0.005582982916916,0.1019727143535937
2023-05-11,-0.0023282674584872,0.0032442763514113,0.0654242205405106
2023-05-12,0.0054223773859154,0.0147360955096342,0.0208206700577151
2023-05-15,-0.0068268667907576,-0.0028231180530514,0.0056456669243973
2023-05-16,0.0107918675620688,-0.0143702281480034,0.0371233653839888
2023-05-17,0.0161848244094293,0.0146015497942531,0.0035452416458809
2023-05-18,0.0018069953587211,-0.0247719507688167,-0.0844412753996288
2023-05-19,0.0012024191686854,-0.0025293778971118,0.0298717876808147
2023-05-22,-0.004270050338105,0.0009040032559393,0.0177657967933491
2023-05-23,0.0118599452886065,-0.0097805261594394,0.0155161422514866
2023-05-24,0.0368852886089932,-0.0133475562312723,-0.0314156440415189
2023-05-25,-0.0074087253649242,-0.0071023259223005,0.0029376085615253
2023-05-26,-0.0046967200962486,-0.0074028919594559,-0.0402439471622099
2023-05-29,-0.0029089746497558,0.0133376780382596,0.0514632011523703
2023-05-30,-0.0122536713177329,0.0043120992888932,-0.0203967624987722
2023-05-31,0.025795784043836,-0.0358547576282017,-0.1233460458940369
2023-06-01,0.0214997860296086,-0.0244812936882649,0.0197231093962388
2023-06-02,0.0062641918223922,0.0164196156864282,-0.0020431189477511
2023-06-05,-0.012948183774727,0.0034332539574424,0.0559599767105618
2023-06-06,0.0174697890466362,-0.0089283902238762,-0.0408445098536537
2023-06-07,-0.0215707829728912,-0.0108058941719638,0.042449072025434
2023-06-08,0.0184351040595376,-0.0029640789796074,-0.0655405965175744
2023-06-09,0.0210251951350701,-0.0206660073425384,-0.0423775819217053
2023-06-12,-0.0176068600819083,-0.0326568023300056,-0.0423267364743842
2023-06-13,-0.0141394710228026,0.0112868792572558,0.0088495296843591
2023-06-14,-0.0004403959887198,-0.0029528462574086,-0.0442583976765633
2023-06-15,0.0083070419321449,0.0106919271133341,0.0369211620456231
2023-06-16,0.0024964857778482,0.0082693277996073,0.0058338547750633
2023-06-19,-0.0046069474002432,0.0019457639069708,-0.0125499725341796
2023-06-20,-0.0093195108936527,0.0176987375803268,0.0523570613716375
2023-06-21,0.0005681230649448,0.0068838934763,-0.0310349655555765
2023-06-22,0.0038491685228594,0.0118237535509324,0.0633627678888044
2023-06-23,0.0018857138127754,-0.0060803854276663,0.0092462675501192
2023-06-26,0.0015056913743709,0.0073123694516177,0.0305386186036922
2023-06-27,0.0033201951900976,0.0077574193616434,-0.0072736849331379
2023-06-28,0.0079294867103323,-0.0015536118932711,0.0098145549934058
2023-06-29,0.0056991772220709,-0.0202527674188882,-0.0564787045686769
2023-06-30,0.0109639542436179,0.0029841060910491,0.0458558981020604
2023-07-03,0.0029245132577999,-0.0079177917416171,-0.0322712435275504
2023-07-04,-0.0025709601486544,0.0008465132011481,-0.0187608455233908
2023-07-05,0.0059528216294328,-0.0078291264303089,-0.0165384379467057
2023-07-06,0.0018910288661166,0.0061373875186376,0.0025759357438486
2023-07-07,0.0099252953746711,0.0097308775793496,0.0379581242844206
2023-07-10,0.0078378734145105,-0.0184590750204632,-0.0163934169204156
2023-07-11,0.0011964637298931,-0.001318939690425,0.041832845694522
2023-07-12,-0.0141611042837062,-0.0012472139100216,0.0490405830511095
2023-07-13,-0.0036970651333898,-0.0163813737861278,-0.0844593239607937
2023-07-14,,0.0100075184167391,0.0262896059281696
2023-07-17,0.004621447972076,0.0209011193505965,0.0457760840657874
2023-07-18,-0.0152943221815229,0.0213422704030081,0.0086660774184694
2023-07-19,-0.0010921051193962,0.0093608172062535,0.0073641898909537
2023-07-20,0.0053448243152047,0.0084074207946789,0.0020886633855721
2023-07-21,0.0088811894552978,0.0017418066360883,-0.0152416284214086
2023-07-24,0.0004790726832468,0.0088330381567005,0.0048064041968332
2023-07-25,-0.0055066023617657,-0.0099735102579903,-0.0029402649901351
2023-07-26,-0.0080048011350229,0.0182910219300913,0.0735915556570718
2023-07-27,-0.0040043854377862,-0.0077959477484081,-0.0232453190042176
2023-07-28,-0.0057261453164334,-0.0040434043898786,0.0493179433368311
2023-07-31,-0.0026957596511075,-0.0100112406387656,0.0170800170898437
2023-08-01,-0.0133923663267184,0.0068502103780965,0.0108152149093614
2023-08-02,0.0049190254113924,-0.0018512868622938,-0.0108940468160233
2023-08-03,6.201135202710262e-05,-0.0076279764290868,0.0245456305735665
2023-08-04,0.0040892370963661,0.0053269811679108,0.0044921042237542
2023-08-07,-0.0004319898249827,-0.0223332803331093,-0.0137981722347083
2023-08-08,-0.0050620630275298,-0.0084622628797688,-0.0348809593226284
2023-08-09,-0.0041570700497252,-0.0014144572033435,-0.0335716025496675
2023-08-10,-0.0013083672853171,-0.001152440155646,0.0391423503099881
2023-08-11,-0.0047415261289497,-0.0156707288793079,-0.0369881635167652
2023-08-14,0.0010029506127737,0.0126237791893324,0.0152389575262299
2023-08-15,0.0060116742642559,0.006631204847433,-0.0141104169662257
2023-08-16,-0.0008714635419234,-0.0038805813402242,-0.0094586133600144
2023-08-17,0.0059188094310957,0.0011543801554716,-0.087825107197193
2023-08-18,0.0008669928023015,0.0067736072489914,0.0062442635045711
2023-08-21,0.0154703641568403,-0.0009542866845149,0.0018707960177875
2023-08-22,0.0010968968259525,-0.0062569722833992,0.008015641700267
2023-08-23,0.0011564213933203,0.0014418558442423,-0.0019879927608824
2023-08-24,0.0039521543979634,0.0034556791844708,-0.0008601676940163
2023-08-25,-0.0138687135269106,0.0014825923866221,-0.0083823782071026
2023-08-28,0.0038076687358539,0.0208463273607253,-0.004021041161846
2023-08-29,0.0147445854279111,-0.0068068292461688,-0.0198192746709423
2023-08-30,-0.0132040120411196,0.0003062004314873,0.2191903507029042
2023-08-31,-0.0170463280970749,0.0080521109768001,0.0334382335984133
2023-09-01,0.0044753053859283,-0.0036435784588774,-0.0248151588662185
2023-09-04,-0.0093442478745322,0.0125647722018944,-0.0113901209124279
2023-09-05,0.0032481876148389,0.0013427692668377,
2023-09-06,-0.0046696682513361,-0.0605276104204099,-0.0298970376797017
2023-09-07,0.0016890352770415,0.0098928466793015,-0.0034821306973116
2023-09-08,-0.0118028131252106,-0.0046543170986096,-0.0246606132822312
2023-09-11,0.0006951999780049,0.0073447043417869,0.0354142902042771
2023-09-12,-0.0029681716352569,0.021192877289103,0.1475103244422446
2023-09-13,-0.0072840952598116,0.0124946451940479,0.0290437906570073
2023-09-14,-0.0080392371387864,-0.0067931543466644,0.081876653729253
2023-09-15,-0.002765870209211,-0.0107209652580634,0.0895959114311899
2023-09-18,-0.0154797390036116,0.0120093945010939,-0.0614571707589285
2023-09-19,0.0039307300316482,0.0051297007447097,0.0053274073853859
2023-09-20,-0.0089403155317391,0.003974625366617,-0.0577155950890946
2023-09-21,0.0140251631723646,-0.0278526857141038,0.0306575254497856
2023-09-22,0.0050001774727201,0.0018312696490434,0.0561860468479837
2023-09-25,-0.0114365281901065,0.0048826279365479,0.0214323964542886
2023-09-26,0.0007191137069384,-0.0055052302865408,-0.0114739919673501
2023-09-27,0.0156094995936033,-0.0043166703610506,-0.006987644766217
2023-09-28,-0.0021219398537404,0.0100030807643878,0.0380402259831773
2023-09-29,0.0039311376667423,0.0042925948766694,-0.0396244648214276
2023-10-02,-0.000129409739162,0.021968010798594,-0.0010631895668981
2023-10-03,0.005694867794679,-0.0116824544320633,-0.0157880618645235
2023-10-04,-0.0025095759734246,0.0011111834708581,0.0368589878751097
2023-10-05,-0.0013547334230777,0.01775847415695,0.034563659025395
2023-10-06,-0.015762187132274,0.0005104735006342,-0.0158783022999925
2023-10-09,-0.0124049768912557,0.0144247376440189,0.0185247823097747
2023-10-10,-0.0063132826789971,0.0118879832200808,0.0322968116535151
2023-10-11,-0.0014046869916468,0.0021462914358996,0.053397958017247
2023-10-12,0.0019423277735295,0.0055233509051266,0.0014644862094215
2023-10-13,-0.0024735059256983,-0.0060312449201633,0.0287333729544849
2023-10-16,-0.017355568371981,0.0127671895766265,0.0593032229193493
2023-10-17,-0.0027277376886861,0.0012693948671071,-0.015702575706076
2023-10-18,0.0025983359622994,-0.0050938289474432,0.0433628429039625
2023-10-19,-0.018892116246105,0.0096585845603736,0.0614125056796777
2023-10-20,0.017796176427306,0.0063553974787882,0.0363699121797382
2023-10-23,-0.0113379860108688,-0.0375611065484767,-0.0827949436951747
2023-10-24,-0.0080829812108121,-0.0008231042343443,-0.0089973221801419
2023-10-25,0.0061987049621901,-0.0009838290069369,-0.0346424912395865
2023-10-26,0.0055374186121917,-0.0030920846711629,0.0226571239258943
2023-10-27,0.0039925800934725,0.0093738372168756,0.0735717422822457
2023-10-30,-0.001851285385414,-0.0027769667322976,-0.0176299946309711
2023-10-31,-0.0036403706484174,-0.0173015138332284,-0.0494792261667481
2023-11-01,-0.0117892537243807,-0.013239592399564,-0.0330120925707874
